configuration,rows,cols,mines,game_id,seed,solver,won,moves,elapsed_seconds,max_frontier,exact_calls,mcmc_calls,fifty_fifty_clicks
easy,9,9,10,0,20261008,baseline,1,19,0.005060656000068775,0,0,0,0
easy,9,9,10,0,20261008,probabilistic_safety,1,22,0.022876768999935848,19,21,0,0
easy,9,9,10,0,20261008,probabilistic_utility,1,21,0.032719047999989925,26,20,0,0
easy,9,9,10,1,20261009,baseline,0,8,0.0027124519999688346,0,0,0,0
easy,9,9,10,1,20261009,probabilistic_safety,1,21,0.011788267000042651,18,20,0,0
easy,9,9,10,1,20261009,probabilistic_utility,1,23,0.014834694000001036,21,22,0,0
easy,9,9,10,2,20261010,baseline,0,6,0.0009161149999954432,0,0,0,0
easy,9,9,10,2,20261010,probabilistic_safety,1,17,0.007808459999978368,17,16,0,0
easy,9,9,10,2,20261010,probabilistic_utility,1,12,0.00666478800008008,17,11,0,0
easy,9,9,10,3,20261011,baseline,0,9,0.0043074720000504385,0,0,0,0
easy,9,9,10,3,20261011,probabilistic_safety,1,10,0.005870103000006566,16,9,0,0
easy,9,9,10,3,20261011,probabilistic_utility,1,10,0.005681874000060816,16,9,0,0
easy,9,9,10,4,20261012,baseline,1,12,0.0028521790000013425,0,0,0,0
easy,9,9,10,4,20261012,probabilistic_safety,1,14,0.0073167330000387665,17,13,0,0
easy,9,9,10,4,20261012,probabilistic_utility,1,11,0.006455199000015455,17,10,0,0
medium,16,16,40,0,20261008,baseline,0,33,0.021823670999992828,0,0,0,0
medium,16,16,40,0,20261008,probabilistic_safety,0,2,0.0007734439999467213,8,1,0,0
medium,16,16,40,0,20261008,probabilistic_utility,1,72,0.23489778900000147,51,71,0,0
medium,16,16,40,1,20261009,baseline,0,85,0.04255575800004863,0,0,0,0
medium,16,16,40,1,20261009,probabilistic_safety,1,89,0.2537036270000499,31,88,0,0
medium,16,16,40,1,20261009,probabilistic_utility,1,89,0.2815400850000742,47,88,0,0
medium,16,16,40,2,20261010,baseline,1,61,0.041779150000024856,0,0,0,0
medium,16,16,40,2,20261010,probabilistic_safety,1,57,0.18679609099990557,50,56,0,1
medium,16,16,40,2,20261010,probabilistic_utility,1,58,0.2186939230000462,50,57,0,1
medium,16,16,40,3,20261011,baseline,0,6,0.001163741000027585,0,0,0,0
medium,16,16,40,3,20261011,probabilistic_safety,0,2,0.0008045399999900837,8,1,0,0
medium,16,16,40,3,20261011,probabilistic_utility,0,12,6.3671599670000205,49,11,0,0
medium,16,16,40,4,20261012,baseline,1,72,0.03922756700001173,0,0,0,0
medium,16,16,40,4,20261012,probabilistic_safety,0,2,0.000812721999977839,8,1,0,0
medium,16,16,40,4,20261012,probabilistic_utility,0,2,0.0015594259999716087,8,1,0,0
hard,30,16,99,0,20261008,baseline,0,32,0.015716698000005636,0,0,0,0
hard,30,16,99,0,20261008,probabilistic_safety,0,199,1.683018694999987,54,198,0,2
hard,30,16,99,0,20261008,probabilistic_utility,0,175,2.1048729890000004,90,174,0,0
hard,30,16,99,1,20261009,baseline,0,4,0.001382094999939909,0,0,0,0
hard,30,16,99,1,20261009,probabilistic_safety,1,196,1.7173546040000929,49,195,0,1
hard,30,16,99,1,20261009,probabilistic_utility,0,12,0.0485925740000539,24,11,0,0
hard,30,16,99,2,20261010,baseline,0,2,0.0008833269999968252,0,0,0,0
hard,30,16,99,2,20261010,probabilistic_safety,1,239,1.7871549100000266,41,238,0,0
hard,30,16,99,2,20261010,probabilistic_utility,0,4,0.008688582999980099,18,3,0,0
hard,30,16,99,3,20261011,baseline,0,16,0.00891109199994844,0,0,0,0
hard,30,16,99,3,20261011,probabilistic_safety,1,193,1.472453814000005,48,192,0,0
hard,30,16,99,3,20261011,probabilistic_utility,1,180,2.091686098000082,81,179,0,0
hard,30,16,99,4,20261012,baseline,0,3,0.0011682880000307705,0,0,0,0
hard,30,16,99,4,20261012,probabilistic_safety,1,244,2.0474497510000447,54,243,0,1
hard,30,16,99,4,20261012,probabilistic_utility,0,8,0.034337232000098084,21,7,0,0
